"","model","aicc","weights"
"1","lmktm_Total ~ 1 + emp_Y15_24_NaceB_E + emp_Y25_64_NaceK + emp_Y25_64_NaceL",177.740673043411,0.0851468553603017
"2","lmktm_Total ~ 1 + emp_Y25_64_NaceK + emp_Y25_64_NaceL",178.660747136945,0.0537498259611177
"3","lmktm_Total ~ 1 + emp_Y15_24_NaceB_E + emp_Y25_64_NaceK + emp_Y25_64_NaceL + GDP",178.835133659307,0.0492617130559815
"4","lmktm_Total ~ 1 + emp_Y25_64_NaceK + emp_Y25_64_NaceL + GDP",179.443931605196,0.036333791186488
